{
  "feature_names": [
    "acousticness",
    "danceability",
    "energy",
    "instrumentalness",
    "liveness",
    "loudness",
    "speechiness",
    "tempo",
    "valence",
    "popularity",
    "color_bold",
    "color_calm",
    "color_cool",
    "color_dramatic",
    "color_dreamy",
    "color_elegant",
    "color_energetic",
    "color_joy",
    "color_luxurious",
    "color_modern",
    "color_peaceful",
    "color_playful",
    "color_powerful",
    "color_soft",
    "color_sophisticated",
    "color_vibrant",
    "color_warm",
    "color_youthful"
  ],
  "alpha": 1.5,
  "weights": [
    -0.21533991222275606,
    1.1463775916309167,
    0.5785974340029622,
    -0.04959436205679673,
    0.2570924121084576,
    0.5703235719636361,
    0.3518842642189845,
    0.30156298281451177,
    0.6480609131201418,
    1.1969302588507171,
    0.6323508738991309,
    -0.3807513682058787,
    -0.3880632313212158,
    0.1462757220939081,
    0.024535070974128385,
    0.767961891522237,
    0.8274097688566667,
    0.892863449830223,
    1.241192278417632,
    1.1308812911416168,
    -0.3607403453767824,
    1.0334345669912472,
    0.6187154188676446,
    -0.3133292008830255,
    0.5481661608877697,
    0.9016016135365613,
    0.7445499769924907,
    1.3744978547874072
  ],
  "bias": 60.31111490140739,
  "means": [
    0.3383163996937502,
    0.5803376250000007,
    0.569044012895835,
    0.22150976258229182,
    0.19531578125000135,
    -9.968172812500043,
    0.11141621875000024,
    119.48589906250002,
    0.43895899276041755,
    24.1628125,
    0.688211737561462,
    0.3800042140284375,
    0.4624155349752087,
    0.5658428106333337,
    0.47856265392500047,
    0.35943349790031204,
    0.5517899822963547,
    0.4884415140442708,
    0.4526997560026045,
    0.5069489189479154,
    0.3753722346579173,
    0.5167172404921875,
    0.6617300209690956,
    0.2694453682884723,
    0.4323735214706242,
    0.5257729782692714,
    0.47798449880104027,
    0.5097723219739602
  ],
  "stds": [
    0.3461284818209451,
    0.18944208166400775,
    0.25974940614510583,
    0.3583231742280251,
    0.16991834766389147,
    6.505720755678417,
    0.12198486458570913,
    30.22635870893434,
    0.25862580906898275,
    19.904622903315243,
    0.18298668532025952,
    0.2852913064391957,
    0.16014053615095267,
    0.158140342066936,
    0.1805184948041939,
    0.14665168528676462,
    0.2009451064442943,
    0.20714666479694852,
    0.12108712787088478,
    0.16619402008578663,
    0.2906170695732668,
    0.18856255426003665,
    0.19943888375728444,
    0.2364950775534923,
    0.13521134308628563,
    0.18825047464364186,
    0.21813283406009712,
    0.14890249679988946
  ],
  "metrics": {
    "train": {
      "rmse": 2.1874887166813877,
      "mae": 1.732850648136769,
      "r2": 0.967131395452842
    },
    "test": {
      "rmse": 2.198983417883571,
      "mae": 1.7575890352014263,
      "r2": 0.9679481437163997
    }
  }
}